{"cameraMode":{"drawMode":0,"name":"Shaded","section":"Shading Mode"},"sceneLighting":false,"audioPlay":false,"sceneViewState":{"m_AlwaysRefresh":false,"showFog":true,"showSkybox":false,"showFlares":true,"showImageEffects":true,"showParticleSystems":true,"showVisualEffectGraphs":true,"m_FxEnabled":true},"in2DMode":false,"pivot":{"x":10.581002235412598,"y":2.437824010848999,"z":-0.06864356994628906},"rotation":{"x":-0.04677809402346611,"y":-0.02487039752304554,"z":0.001161887077614665,"w":-0.9985862970352173},"size":3.040492534637451,"orthographic":false}